Player,Sponsorship,Industry,Subindustry,FG%,Index,Team Code,Twitter Followers,Twitter Followers (number),Twitter Posts (Past 30 days),Twitter Interactions (Past 30 days),Twitter Interactions (Past 30 days) Number,Instagram Followers,Instagram Presence (number),Instagram Posts (Past 30 Days),Instagram Interactions (Past 30 Days),Instagram Interactions (Past 30 Days) Number,Facebook Followers,Facebook Followers (number),NBA Draft,Tenure (Years),Draft Round,Overall Pick,Notes,Pos,Age,Tm,G,GS,MP,FG,FGA,3P,3PA,3P%,2P,2PA,2P%,eFG%,FT,FTA,FT%,ORB,DRB,TRB,AST,STL,BLK,TOV,PF,PTS,ORB per MP,DRB per MP,TRB per MP,AST per MP,STL per MP,BLK per MP,TOV per MP,PF per MP,PTS per MP
Yogi Ferrell,,,,0.381,155,CLE,,,,,,,,,,,,,2016,5,,,,PG,27,CLE,2,0,40,8,21,3,9,0.333,5,12,0.417,0.452,0,2,0,3,4,7,5,3,1,3,4,19,0.075,0.1,0.175,0.125,0.075,0.025,0.075,0.1,0.475
Victor Oladipo,6,6,6,0.407,384,HOU,318.68K,318680,8,0,0,,,0,0,0,411.40K,411400,2013,8,1,2,,SG,28,HOU,20,20,669,155,381,49,153,0.32,106,228,0.465,0.471,65,83,0.783,8,87,95,99,24,10,51,45,424,0.011958146,0.130044843,0.14200299,0.147982063,0.035874439,0.014947683,0.076233184,0.067264574,0.633781764
Tyler Cook,,,,0.333,109,BRK,,,,,,,,,,,,,2019,2,,,,PF,23,BRK,4,0,17,1,3,0,0,,1,3,0.333,0.333,0,0,,1,1,2,2,0,0,1,2,2,0.058823529,0.058823529,0.117647059,0.117647059,0,0,0.058823529,0.117647059,0.117647059
Tyler Bey,,,,0.318,45,DAL,4.80k,4800,3,182,182,10.68k,10680,0,0,0,,,2020,1,2,36,,SF,22,DAL,18,0,71,7,22,1,4,0.25,6,18,0.333,0.341,3,5,0.6,8,11,19,3,0,1,3,6,18,0.112676056,0.154929577,0.267605634,0.042253521,0,0.014084507,0.042253521,0.084507042,0.253521127
Trey Burke,2,2,2,0.428,82,DAL,,,,,,,,,,,,,2013,8,1,9,,PG,28,DAL,62,1,911,151,353,58,164,0.354,93,189,0.492,0.51,51,57,0.895,10,44,54,81,36,7,33,64,411,0.010976948,0.048298573,0.059275521,0.088913282,0.039517014,0.007683864,0.03622393,0.07025247,0.45115258
Trent Forrest,,,,0.451,160,UTA,6.52k,6520,10,1.80k,1800,15.83k,15830,0,0,0,,,2020,1,,,,PG,22,UTA,30,0,302,32,71,5,26,0.192,27,45,0.6,0.486,19,19,1,11,33,44,45,9,4,21,22,88,0.036423841,0.109271523,0.145695364,0.149006623,0.029801325,0.013245033,0.069536424,0.072847682,0.291390728
Tremont Waters,,,,0.405,514,BOS,,,,,,98.83k,98830,,,,,,2019,2,2,51,,PG,23,BOS,26,3,238,34,84,15,38,0.395,19,46,0.413,0.494,16,17,0.941,5,16,21,62,15,1,27,17,99,0.021008403,0.067226891,0.088235294,0.260504202,0.06302521,0.004201681,0.113445378,0.071428571,0.415966387
Tony Bradley,,,,0.665,62,TOT,21.6k,21600,6,429,429,71.79k,71790,0,0,0,,,2017,4,1,28,,C,23,TOT,42,8,684,131,197,0,3,0,131,194,0.675,0.665,38,55,0.691,85,154,239,37,15,30,33,61,300,0.124269006,0.225146199,0.349415205,0.054093567,0.021929825,0.043859649,0.048245614,0.089181287,0.438596491
Tomáš Satoranský,,,,0.514,448,CHI,,,,,,,,,,,,,2012,9,2,32,,SG,29,CHI,58,18,1307,169,329,42,118,0.356,127,211,0.602,0.578,67,79,0.848,30,112,142,271,40,14,96,89,447,0.022953328,0.085692425,0.108645754,0.207345065,0.030604438,0.010711553,0.07345065,0.068094874,0.342004591
Terrence Ross,1,1,0,0.412,440,ORL,201.04k,201040,45,5.48k,5480,371.56k,371560,4,18.25k,18250,,,2012,9,1,8,,SG,29,ORL,46,2,1347,254,616,89,264,0.337,165,352,0.469,0.485,120,138,0.87,15,143,158,108,47,21,74,88,717,0.011135857,0.106161841,0.117297699,0.080178174,0.034892353,0.0155902,0.054936897,0.065330364,0.532293987
Terence Davis,,,,0.428,120,TOT,17.78k,17780,20,6.84k,6840,,,,,,,,2019,2,,,,SG,23,TOT,61,4,1074,195,456,98,267,0.367,97,189,0.513,0.535,45,55,0.818,20,134,154,83,44,14,63,97,533,0.018621974,0.124767225,0.143389199,0.077281192,0.040968343,0.013035382,0.058659218,0.090316574,0.496275605
Sviatoslav Mykhailiuk,,,,0.438,361,OKC,47.14k,47140,0,0,0,125.14k,125140,0,0,0,,,2018,3,2,47,,SG,23,OKC,30,9,690,124,283,48,143,0.336,76,140,0.543,0.523,14,20,0.7,13,76,89,53,24,6,49,30,310,0.01884058,0.110144928,0.128985507,0.076811594,0.034782609,0.008695652,0.071014493,0.043478261,0.449275362
Shaquille Harrison,,,,0.3,208,UTA,6.64k,6640,0,0,0,,,,,,,,2016,5,,,,SG,27,UTA,17,0,56,6,20,0,2,0,6,18,0.333,0.3,5,6,0.833,3,6,9,9,2,0,5,3,17,0.053571429,0.107142857,0.160714286,0.160714286,0.035714286,0,0.089285714,0.053571429,0.303571429
Shake Milton,,,,0.45,347,PHI,23.76k,23760,2,558,558,62.06k,62060,1,7.62k,7620,,,2018,3,2,45,,SG,24,PHI,63,4,1461,300,667,71,203,0.35,229,464,0.494,0.503,146,176,0.83,33,115,148,193,39,18,103,130,817,0.022587269,0.07871321,0.101300479,0.1321013,0.026694045,0.012320329,0.070499658,0.088980151,0.559206023
Rudy Gobert,1,1,0,0.675,179,UTA,531.09k,531090,20,16.12k,16120,577.08k,577080,11,405.13k,405130,,,2013,8,1,27,,C,28,UTA,71,71,2187,391,579,0,4,0,391,575,0.68,0.675,233,374,0.623,240,720,960,89,40,190,118,163,1015,0.109739369,0.329218107,0.438957476,0.040695016,0.018289895,0.086877,0.05395519,0.074531321,0.464106081
RJ Barrett,3,3,3,0.441,31,NYK,187.91k,187910,5,3.35k,3350,1.29m,1290000,4,435.42k,435420,,,2019,2,1,3,,SG,20,NYK,72,72,2511,467,1060,124,309,0.401,343,751,0.457,0.499,206,276,0.746,68,346,414,217,53,20,139,188,1264,0.027080844,0.137793708,0.164874552,0.086419753,0.021107129,0.007964954,0.055356432,0.074870569,0.503385106
R.J. Hampton,1,1,1,0.439,198,ORL,,,,,,,,,,,,,2020,1,1,24,,SG,19,ORL,26,1,655,111,253,22,69,0.319,89,184,0.484,0.482,46,70,0.657,19,110,129,73,16,8,42,39,290,0.029007634,0.167938931,0.196946565,0.111450382,0.024427481,0.01221374,0.064122137,0.059541985,0.442748092
Quinn Cook,,,,0.462,108,LAL,202.41k,202410,4,8.05k,8050,1.01m,1010000,0,0,0,,,2015,6,,,Doesn’t show on roster ,PG,27,LAL,16,0,62,12,26,5,13,0.385,7,13,0.538,0.558,4,5,0.8,0,5,5,5,1,1,3,2,33,0,0.080645161,0.080645161,0.080645161,0.016129032,0.016129032,0.048387097,0.032258065,0.532258065
Paul Reed,,,,0.538,424,PHI,14.64k,14640,39,8.30k,8300,,,,,,,,2020,1,2,58,,PF,21,PHI,26,0,177,42,78,0,6,0,42,72,0.583,0.538,4,8,0.5,30,31,61,12,10,13,12,29,88,0.169491525,0.175141243,0.344632768,0.06779661,0.056497175,0.073446328,0.06779661,0.163841808,0.497175141
Patty Mills,,,,0.412,345,SAS,406.36k,406360,4,2.53k,2530,413.90k,413900,1,21.60k,21600,,,2009,12,2,55,,PG,32,SAS,68,1,1685,252,611,161,429,0.375,91,182,0.5,0.544,71,78,0.91,18,98,116,162,42,3,66,81,736,0.010682493,0.058160237,0.06884273,0.096142433,0.024925816,0.001780415,0.039169139,0.048071217,0.436795252
Patrick McCaw,,,,1,327,TOR,,,,,,,,,,,,,2016,5,2,38,,SF,25,TOR,5,0,33,1,1,0,0,,1,1,1,1,3,3,1,1,2,3,4,2,0,0,6,5,0.03030303,0.060606061,0.090909091,0.121212121,0.060606061,0,0,0.181818182,0.151515152
P.J. Tucker,,,,0.391,493,MIL,,,,,,,,,,,,,2006,15,2,35,,PF,35,MIL,20,1,397,18,46,13,33,0.394,5,13,0.385,0.533,3,5,0.6,18,38,56,16,10,2,7,34,52,0.04534005,0.095717884,0.141057935,0.040302267,0.025188917,0.005037783,0.017632242,0.085642317,0.130982368
Norvel Pelle,,,,0.714,400,BRK,,,,,,,,,,,,,2014,7,,,,C,27,NYK,9,0,52,5,7,0,0,,5,7,0.714,0.714,1,2,0.5,2,9,11,1,1,6,0,4,11,0.038461538,0.173076923,0.211538462,0.019230769,0.019230769,0.115384615,0,0.076923077,0.211538462
Norvel Pelle,,,,0.429,400,NYK,,,,,,,,,,,,,2014,7,,,,C,27,BRK,3,0,28,3,7,0,0,,3,7,0.429,0.429,0,0,,3,4,7,0,0,3,3,9,6,0.107142857,0.142857143,0.25,0,0,0.107142857,0.107142857,0.321428571,0.214285714
Norvel Pelle,,,,0,400,SAC,,,,,,,,,,,,,2014,7,,,,C,27,SAC,1,0,4,0,1,0,0,,0,1,0,0,3,4,0.75,1,0,1,1,0,0,0,1,3,0.25,0,0.25,0.25,0,0,0,0.25,0.75
Moritz Wagner,1,1,1,0.454,506,TOT,,,,,,,,,,,,,2018,3,1,25,,C,23,TOT,45,24,722,104,229,31,91,0.341,73,138,0.529,0.522,71,87,0.816,27,119,146,50,26,18,43,108,310,0.037396122,0.164819945,0.202216066,0.069252078,0.03601108,0.024930748,0.059556787,0.149584488,0.429362881
Montrezl Harrell,3,3,2,0.622,203,LAL,147.46k,147460,23,41.32k,41320,566.70k,66700,22,445.16k,445160,,,2015,6,2,32,,C,27,LAL,69,1,1580,375,603,0,10,0,375,593,0.632,0.622,181,256,0.707,158,270,428,73,46,49,74,128,931,0.1,0.170886076,0.270886076,0.046202532,0.029113924,0.031012658,0.046835443,0.081012658,0.589240506
Matthew Dellavedova,4,4,3,0.25,123,CLE,179.31k,179310,6,1.33k,1330,,,,,,,,2013,8,,,,PG,30,CLE,13,1,224,14,56,4,25,0.16,10,31,0.323,0.286,4,4,1,6,18,24,58,4,1,6,21,36,0.026785714,0.080357143,0.107142857,0.258928571,0.017857143,0.004464286,0.026785714,0.09375,0.160714286
Matt Thomas,,,,0.387,481,TOR,34.91k,34910,,,,63.97K,63970,,,,,,2017,4,,,,SG,26,TOR,26,0,192,24,62,17,41,0.415,7,21,0.333,0.524,6,7,0.857,3,18,21,9,2,0,6,10,71,0.015625,0.09375,0.109375,0.046875,0.010416667,0,0.03125,0.052083333,0.369791667
Mason Jones,,,,0.412,265,HOU,15.93k,15930,5,9.75K,9750,22.92k,22920,2,4.69K,4690,,,2020,1,,,,SG,22,HOU,26,1,307,47,114,23,64,0.359,24,50,0.48,0.513,35,57,0.614,4,47,51,39,6,1,28,22,152,0.013029316,0.153094463,0.166123779,0.127035831,0.019543974,0.003257329,0.091205212,0.071661238,0.495114007
Marquese Chriss,1,1,1,0.357,99,GSW,32.16k,32160,28,291.85k,291850,139.83k,139830,1,13.68k,13680,,,2016,5,1,8,,PF,23,GSW,2,0,27,5,14,1,5,0.2,4,9,0.444,0.393,2,4,0.5,3,10,13,2,0,2,2,3,13,0.111111111,0.37037037,0.481481481,0.074074074,0,0.074074074,0.074074074,0.111111111,0.481481481
Marc Gasol,,,,0.454,171,LAL,1.24m,4800,0,0,0,,,,,,,,2007,14,2,48,,C,36,LAL,52,42,993,88,194,50,122,0.41,38,72,0.528,0.582,36,50,0.72,38,177,215,109,26,58,53,115,262,0.038267875,0.178247734,0.216515609,0.109768379,0.026183283,0.058408862,0.053373615,0.115810675,0.263846928
Malcolm Brogdon,1,1,0,0.453,69,IND,12.38k,12380,4,2.37k,2370,137.68k,137680,0,0,0,,,2016,5,2,36,,PG,28,IND,56,56,1930,444,980,145,374,0.388,299,606,0.493,0.527,153,177,0.864,58,236,294,329,49,15,115,110,1186,0.030051813,0.122279793,0.152331606,0.170466321,0.025388601,0.007772021,0.059585492,0.056994819,0.614507772
Lou Williams,1,1,1,0.389,525,ATL,292.59k,292590,11,4.68k,4680,1.22m,1220000,10,131.41k,131410,,,2005,16,2,45,,PG,34,ATL,24,1,505,84,216,24,54,0.444,60,162,0.37,0.444,47,54,0.87,6,44,50,81,8,2,42,20,239,0.011881188,0.087128713,0.099009901,0.16039604,0.015841584,0.003960396,0.083168317,0.03960396,0.473267327
Lonzo Ball,5,5,5,0.414,27,NOP,1.19m,1190000,7,0,0,9.56m,9560000,2,1.55m,1550000,984.06k,984060,2017,4,1,2,,PG,23,NOP,55,55,1747,290,700,172,455,0.378,118,245,0.482,0.537,50,64,0.781,33,230,263,316,82,31,123,103,802,0.018889525,0.131654264,0.150543789,0.180881511,0.046937607,0.017744705,0.070406411,0.058958214,0.459072696
LaMarcus Aldridge,3,3,2,0.521,5,BRK,754.16k,754160,6,0,0,,,0,0,0,,,2006,15,1,2,,C,35,BRK,5,5,130,25,48,4,5,0.8,21,43,0.488,0.563,10,10,1,2,22,24,13,3,11,7,11,64,0.015384615,0.169230769,0.184615385,0.1,0.023076923,0.084615385,0.053846154,0.084615385,0.492307692
Kyle Lowry,6,6,6,0.436,304,TOR,906.81k,906810,2,21.89k,21890,1.58m,1580000,1,460.07k,460070,,,2006,15,1,24,,PG,34,TOR,46,46,1601,260,596,131,331,0.396,129,265,0.487,0.546,140,160,0.875,35,212,247,338,45,14,126,143,791,0.021861337,0.132417239,0.154278576,0.211118051,0.028107433,0.008744535,0.078700812,0.089319176,0.494066209
Kyle Guy,,,,0.33,192,SAC,,,,,,,,,,,,,2019,2,2,55,,PG,23,SAC,31,0,235,29,88,13,46,0.283,16,42,0.381,0.403,16,20,0.8,5,30,35,32,6,0,11,20,87,0.021276596,0.127659574,0.14893617,0.136170213,0.025531915,0,0.046808511,0.085106383,0.370212766
Kristaps Porziņģis,,,,0.476,413,DAL,378.90k,378900,0,0,0,1.61m,1610000,2,140.36k,140360,603.67k,603670,2015,6,1,4,,C,25,DAL,43,43,1327,325,683,97,258,0.376,228,425,0.536,0.547,118,138,0.855,82,299,381,68,20,58,51,115,865,0.061793519,0.225320271,0.287113791,0.051243406,0.01507159,0.043707611,0.038432555,0.086661643,0.65184627
Khyri Thomas,,,,0.485,480,HOU,,,,,,,,,,,,,2018,3,2,38,Doesn’t show on roster ,SG,24,HOU,5,2,153,32,66,9,27,0.333,23,39,0.59,0.553,9,9,1,7,11,18,25,9,6,6,8,82,0.045751634,0.071895425,0.117647059,0.163398693,0.058823529,0.039215686,0.039215686,0.052287582,0.535947712
Khris Middleton,2,2,2,0.476,343,MIL,69.18k,69180,0,0,0,,,0,0,0,,,2012,9,2,39,,SF,29,MIL,68,68,2269,511,1074,151,365,0.414,360,709,0.508,0.546,212,236,0.898,54,352,406,370,74,9,178,160,1385,0.02379903,0.15513442,0.178933451,0.163067431,0.032613486,0.003966505,0.078448656,0.070515646,0.610401058
Kevin Knox,3,3,2,0.392,277,NYK,90.15k,90150,0,0,0,,,,,,,,2016,5,1,9,,SF,21,NYK,42,0,464,56,143,35,89,0.393,21,54,0.389,0.514,16,20,0.8,10,51,61,19,12,6,17,37,163,0.021551724,0.109913793,0.131465517,0.040948276,0.025862069,0.012931034,0.036637931,0.079741379,0.351293103
Jusuf Nurkić,,,,0.514,373,POR,,,,,,,,,,,,,2014,7,1,16,,C,26,POR,37,37,880,171,333,12,30,0.4,159,303,0.525,0.532,70,113,0.619,86,246,332,125,38,39,73,103,424,0.097727273,0.279545455,0.377272727,0.142045455,0.043181818,0.044318182,0.082954545,0.117045455,0.481818182
Justin Jackson,,,,0.403,248,TOT,96.45k,96450,2,2.33k,2330,,,,,,,,2017,4,1,15,,SF,25,TOT,34,3,577,89,221,36,117,0.308,53,104,0.51,0.484,31,37,0.838,16,61,77,52,15,2,32,32,245,0.027729636,0.105719237,0.133448873,0.090121317,0.025996534,0.003466205,0.055459272,0.055459272,0.424610052
Juan Hernangómez,1,1,1,0.435,215,MIN,,,,,,,,,,,,,2016,5,1,15,,PF,25,MIN,52,6,900,130,299,55,168,0.327,75,131,0.573,0.527,60,97,0.619,45,160,205,35,19,7,27,52,375,0.05,0.177777778,0.227777778,0.038888889,0.021111111,0.007777778,0.03,0.057777778,0.416666667
Josh Hall,,,,0.303,197,OKC,4.74k,4740,2,185,185,,,,,,,,2020,1,,,,SF,20,OKC,21,1,336,30,99,4,37,0.108,26,62,0.419,0.323,22,44,0.5,6,53,59,28,4,1,25,37,86,0.017857143,0.157738095,0.175595238,0.083333333,0.011904762,0.00297619,0.074404762,0.110119048,0.255952381
Jontay Porter,1,1,1,0.533,408,MEM,124.05k,124050,0,0,0,588.03k,588030,3,24.68k,24680,,,2019,2,,,,PF,21,MEM,11,0,54,8,15,3,8,0.375,5,7,0.714,0.633,3,5,0.6,4,10,14,1,3,1,7,12,22,0.074074074,0.185185185,0.259259259,0.018518519,0.055555556,0.018518519,0.12962963,0.222222222,0.407407407
Jonas Valančiūnas,3,3,3,0.592,496,MEM,178.95k,178950,6,6.24k,6240,,,,,,,,2011,10,1,5,,C,28,MEM,62,61,1755,440,743,21,57,0.368,419,686,0.611,0.606,157,203,0.773,253,523,776,112,35,57,100,179,1058,0.144159544,0.298005698,0.442165242,0.063817664,0.01994302,0.032478632,0.056980057,0.101994302,0.602849003
John Konchar,,,,0.5,278,MEM,,,,,,6.65k,6650,,,,,,2019,2,,,,SG,24,MEM,43,0,575,69,138,21,56,0.375,48,82,0.585,0.576,25,30,0.833,35,93,128,47,30,9,18,40,184,0.060869565,0.16173913,0.222608696,0.08173913,0.052173913,0.015652174,0.031304348,0.069565217,0.32
Jeremy Lamb,,,,0.435,284,IND,48.47k,48470,0,0,0,,,,,,,,2012,9,1,12,,SG,28,IND,36,8,765,120,276,52,128,0.406,68,148,0.459,0.529,71,75,0.947,25,106,131,53,34,23,22,72,363,0.032679739,0.138562092,0.17124183,0.069281046,0.044444444,0.030065359,0.02875817,0.094117647,0.474509804
Jeff Teague,4,4,4,0.433,474,TOT,,,,,,,,,,,,,2009,12,1,19,,PG,32,TOT,55,7,950,123,284,36,82,0.439,87,202,0.431,0.496,89,105,0.848,15,73,88,132,34,12,64,56,371,0.015789474,0.076842105,0.092631579,0.138947368,0.035789474,0.012631579,0.067368421,0.058947368,0.390526316
Jaylen Hoard,,,,0.5,222,OKC,,,,,,,,,,,,,2019,2,,,,SF,21,OKC,19,0,320,44,88,0,11,0,44,77,0.571,0.5,28,41,0.683,21,44,65,24,13,5,17,19,116,0.065625,0.1375,0.203125,0.075,0.040625,0.015625,0.053125,0.059375,0.3625
Jaylen Brown,2,2,2,0.484,74,BOS,450.47k,450470,3,10,10,1.43m,1430000,1,86.99k,86990,295.25k,295250,2016,5,1,3,,SG,24,BOS,58,58,1999,538,1111,163,411,0.397,375,700,0.536,0.558,191,250,0.764,71,276,347,195,72,32,158,168,1430,0.035517759,0.138069035,0.173586793,0.097548774,0.036018009,0.016008004,0.07903952,0.084042021,0.715357679
Jaxson Hayes,1,1,1,0.625,212,NOP,16.19k,16190,,,,,,,,,,,2019,2,1,8,,C,20,NOP,60,3,964,175,280,6,14,0.429,169,266,0.635,0.636,93,120,0.775,92,165,257,35,25,38,39,101,449,0.095435685,0.171161826,0.26659751,0.036307054,0.02593361,0.039419087,0.040456432,0.104771784,0.465767635
Jarrell Brantley,,,,0.481,63,UTA,4.57k,4570,26,13.99k,13990,11.03k,11030,2,3.16k,3160,,,2019,2,2,50,,PF,24,UTA,28,0,138,25,52,12,28,0.429,13,24,0.542,0.596,2,2,1,9,18,27,15,7,2,8,17,64,0.065217391,0.130434783,0.195652174,0.108695652,0.050724638,0.014492754,0.057971014,0.123188406,0.463768116
JaMychal Green,,,,0.463,187,DEN,17.74k,17740,1,100,100,,,,,,,,2012,9,,,,PF,30,DEN,58,5,1120,173,374,79,198,0.399,94,176,0.534,0.568,46,57,0.807,85,192,277,53,26,22,53,144,471,0.075892857,0.171428571,0.247321429,0.047321429,0.023214286,0.019642857,0.047321429,0.128571429,0.420535714
James Harden,14,14,11,0.471,200,BRK,7.08m,7080000,30,62.28k,62280,,,0,0,0,3.62m,3620000,2009,12,1,3,,PG,31,BRK,36,35,1319,282,599,96,262,0.366,186,337,0.552,0.551,225,263,0.856,30,277,307,392,46,27,143,85,885,0.022744503,0.210007582,0.232752085,0.297194845,0.034874905,0.020470053,0.108415466,0.06444276,0.670962851
Jalen Smith,,,,0.44,464,PHO,11.34k,11340,46,476.65k,476650,33.29K,33290,0,0,0,,,2020,1,1,10,,PF,20,PHO,27,1,156,22,50,4,17,0.235,18,33,0.545,0.48,5,7,0.714,7,30,37,4,1,5,7,16,53,0.044871795,0.192307692,0.237179487,0.025641026,0.006410256,0.032051282,0.044871795,0.102564103,0.33974359
Jalen Lecque,,,,0.111,289,IND,,,,,,,,,,,,,2019,2,,,,PG,20,IND,4,0,12,1,9,0,1,0,1,8,0.125,0.111,3,3,1,2,3,5,2,0,0,0,0,5,0.166666667,0.25,0.416666667,0.166666667,0,0,0,0,0.416666667
Jalen Brunson,3,3,2,0.523,78,DAL,42.39k,42390,7,15.77k,15770,117.98k,117980,2,7.89k,7890,,,2018,3,2,33,,PG,24,DAL,68,12,1697,328,627,81,200,0.405,247,427,0.578,0.588,120,151,0.795,27,204,231,239,35,1,80,109,857,0.01591043,0.120212139,0.136122569,0.140836771,0.020624632,0.000589275,0.047142015,0.064230996,0.505008839
Jahmi'us Ramsey,,,,0.395,419,SAC,10.59k,10590,5,303,303,66.10k,66100,0,0,0,,,2020,1,2,43,,SG,19,SAC,13,0,94,15,38,5,19,0.263,10,19,0.526,0.461,5,5,1,2,8,10,6,4,1,3,8,40,0.021276596,0.085106383,0.106382979,0.063829787,0.042553191,0.010638298,0.031914894,0.085106383,0.425531915
Jae Crowder,,,,0.404,113,PHO,,,,,,,,,,,,,2012,9,2,34,,PF,30,PHO,60,42,1648,199,492,148,380,0.389,51,112,0.455,0.555,57,75,0.76,32,250,282,127,48,27,55,125,603,0.019417476,0.151699029,0.171116505,0.077063107,0.029126214,0.016383495,0.033373786,0.075849515,0.365898058
Jaden McDaniels,,,,0.447,330,MIN,8.86k,8860,0,0,0,,,,,,,,2020,1,1,28,,PF,20,MIN,63,27,1511,164,367,72,198,0.364,92,169,0.544,0.545,27,45,0.6,52,180,232,71,35,60,47,172,427,0.034414295,0.119126406,0.153540702,0.046988749,0.023163468,0.039708802,0.031105228,0.113831899,0.282594308
Isaiah Joe,,,,0.361,255,PHI,17.45k,17450,0,0,0,33.13k,33130,1,5.36k,5360,,,2020,1,2,49,,SG,21,PHI,41,1,383,48,133,39,106,0.368,9,27,0.333,0.508,18,24,0.75,6,30,36,20,12,4,11,34,153,0.015665796,0.078328982,0.093994778,0.052219321,0.031331593,0.010443864,0.028720627,0.088772846,0.399477807
Iman Shumpert,2,2,2,0.25,454,BRK,,,,,,,,,,,,,2011,10,1,17,,SG,30,BRK,2,0,11,1,4,0,3,0,1,1,1,0.25,0,0,,1,0,1,0,1,0,1,0,2,0.090909091,0,0.090909091,0,0.090909091,0,0.090909091,0,0.181818182
Ignas Brazdeikis,,,,0,64,PHI,24.65k,24650,0,0,0,68.27k,68270,0,0,0,,,2019,2,2,47,,SF,22,PHI,1,0,8,0,3,0,1,0,0,2,0,0,0,0,,0,2,2,0,0,0,0,0,0,0,0.25,0.25,0,0,0,0,0,0
Hamidou Diallo,,,,0.481,126,OKC,65.43k,65430,4,5.69k,5690,391.03k,391030,8,136.21k,136210,,,2018,3,2,45,,SG,22,OKC,32,5,761,143,297,12,41,0.293,131,256,0.512,0.502,83,132,0.629,37,128,165,77,31,12,49,83,381,0.048620237,0.168199737,0.216819974,0.101182654,0.040735874,0.015768725,0.064388962,0.109067017,0.50065703
Goran Dragić,,,,0.432,136,MIA,,,,,,,,,,,,,2008,13,2,45,,PG,34,MIA,50,11,1337,240,555,91,244,0.373,149,311,0.479,0.514,101,122,0.828,25,144,169,219,33,8,118,113,672,0.018698579,0.107703815,0.126402393,0.163799551,0.024682124,0.005983545,0.088257292,0.084517577,0.502617801
Giannis Antetokounmpo,10,10,9,0.569,12,MIL,1.55m,1550000,8,10.76k,10760,8.92m,8920000,6,2.90m,2900000,2.49m,2490000,2013,8,1,15,,PF,26,MIL,61,61,2013,626,1100,67,221,0.303,559,879,0.636,0.6,398,581,0.685,97,574,671,357,72,73,207,168,1717,0.048186786,0.285146547,0.333333333,0.177347243,0.035767511,0.036264282,0.102831595,0.083457526,0.852955787
Gary Payton II,,,,0.769,399,GSW,,,,,,,,,,,,,2016,5,,,,PG,28,GSW,10,0,40,10,13,2,4,0.5,8,9,0.889,0.846,3,4,0.75,2,9,11,1,6,1,1,8,25,0.05,0.225,0.275,0.025,0.15,0.025,0.025,0.2,0.625
Gary Clark,,,,0.305,100,ORL,,,,,,,,,,,,,2018,3,,,,SF,26,ORL,35,11,637,40,131,31,108,0.287,9,23,0.391,0.424,8,10,0.8,33,79,112,30,12,7,17,34,119,0.051805338,0.124018838,0.175824176,0.047095761,0.018838305,0.010989011,0.026687598,0.053375196,0.186813187
Freddie Gillespie,,,,0.524,178,TOR,5.58k,5580000,12,28.12k,28120,,,,,,,,2020,1,,,,PF,23,TOR,20,2,392,44,84,0,0,,44,84,0.524,0.524,23,33,0.697,42,55,97,9,13,20,12,43,111,0.107142857,0.140306122,0.24744898,0.022959184,0.033163265,0.051020408,0.030612245,0.109693878,0.283163265
Frank Ntilikina,,,,0.367,370,NYK,84.22k,84220,6,80.23k,80230,254.21k,254210,2,49.99k,49990,,,2017,4,1,8,,PG,22,NYK,33,4,322,29,79,23,48,0.479,6,31,0.194,0.513,8,18,0.444,6,25,31,19,18,4,11,45,89,0.01863354,0.077639752,0.096273292,0.059006211,0.055900621,0.01242236,0.034161491,0.139751553,0.276397516
Facundo Campazzo,,,,0.381,88,DEN,363.01k,363010,6,112.46k,112460,505.14k,505140,2,192.57k,192570,,,2013,8,,,,PG,29,DEN,65,19,1425,120,315,76,216,0.352,44,99,0.444,0.502,80,91,0.879,22,112,134,232,79,14,73,132,396,0.015438596,0.078596491,0.094035088,0.162807018,0.055438596,0.009824561,0.05122807,0.092631579,0.277894737
Dorian Finney-Smith,,,,0.472,156,DAL,12.94k,12940,2,112,112,62.79k,62790,2,17.73k,17730,,,2016,5,,,,PF,27,DAL,60,60,1921,220,466,119,302,0.394,101,164,0.616,0.6,31,41,0.756,98,228,326,102,52,25,48,138,590,0.051015096,0.118688183,0.16970328,0.053097345,0.027069235,0.013014055,0.024986986,0.071837585,0.307131702
Devonte' Graham,,,,0.377,183,CHO,31.13k,31130,10,10.94k,10940,257.43k,257430,2,27.67k,27670,,,2018,3,2,34,,PG,25,CHO,55,44,1659,252,669,179,477,0.375,73,192,0.38,0.51,133,158,0.842,22,126,148,295,48,6,84,77,816,0.013261001,0.075949367,0.089210368,0.177817963,0.028933092,0.003616637,0.050632911,0.046413502,0.491862568
Devin Cannady,,,,0.393,90,ORL,2.30k,2300,46,109.37k,109370,14.98k,14980,4,13.76k,13760,,,2019,2,,,,PG,24,ORL,8,0,74,11,28,6,16,0.375,5,12,0.417,0.5,6,7,0.857,0,5,5,1,5,1,2,9,34,0,0.067567568,0.067567568,0.013513514,0.067567568,0.013513514,0.027027027,0.121621622,0.459459459
Derrick Jones Jr.,1,1,1,0.484,264,POR,30.50k,30500,1,33,33,,,,,,,,2016,5,,,,SF,23,POR,58,43,1318,147,304,43,136,0.316,104,168,0.619,0.554,59,91,0.648,77,128,205,47,37,54,32,127,396,0.058421851,0.097116844,0.155538695,0.035660091,0.028072838,0.040971168,0.024279211,0.096358118,0.300455235
DeMarcus Cousins,4,4,4,0.426,110,TOT,1.26m,1260000,0,0,0,2.98m,2980000,2,75.05k,75050,,,2010,11,1,5,,C,30,TOT,41,11,713,130,305,47,135,0.348,83,170,0.488,0.503,59,81,0.728,53,210,263,76,34,24,64,107,366,0.074333801,0.294530154,0.368863955,0.106591865,0.047685835,0.033660589,0.089761571,0.150070126,0.513323983
Darius Garland,1,1,1,0.451,170,CLE,35.14k,35140,7,4.94k,4940,316.93k,316930,5,108.05k,108050,,,2019,2,1,5,,PG,21,CLE,54,50,1790,362,802,105,266,0.395,257,536,0.479,0.517,112,132,0.848,23,106,129,329,66,6,164,110,941,0.012849162,0.059217877,0.072067039,0.183798883,0.036871508,0.003351955,0.091620112,0.061452514,0.525698324
Daniel Theis,,,,0.552,477,BOS,51.08k,51080,8,5.43k,5430,155.07k,155070,3,51.48k,51480,,,2013,8,,,,C,28,BOS,42,37,1027,159,288,33,95,0.347,126,193,0.653,0.609,46,67,0.687,54,166,220,67,25,43,41,120,397,0.052580331,0.161635833,0.214216164,0.065238559,0.024342746,0.041869523,0.039922103,0.11684518,0.386562804
Damyean Dotson,,,,0.406,132,CLE,16.14k,16140,0,0,0,,,,,,,,2017,4,2,44,,SG,26,CLE,46,7,907,119,293,46,159,0.289,73,134,0.545,0.485,24,36,0.667,5,88,93,91,16,4,42,42,308,0.005512679,0.097023153,0.102535832,0.100330761,0.017640573,0.004410143,0.046306505,0.046306505,0.339581036
Damian Jones,,,,0.5,263,PHO,24.70k,24700,1,493,493,85.31k,85310,0,0,0,,,2016,5,1,30,,C,25,PHO,14,0,94,8,16,0,1,0,8,15,0.533,0.5,6,11,0.545,7,11,18,4,1,5,6,19,22,0.074468085,0.117021277,0.191489362,0.042553191,0.010638298,0.053191489,0.063829787,0.20212766,0.234042553
Cory Joseph,1,1,1,0.469,269,TOT,108.93k,108930,,,,,,,,,,,2011,10,1,29,,PG,29,TOT,63,13,1446,200,426,45,132,0.341,155,294,0.527,0.522,72,88,0.818,35,124,159,213,61,18,79,139,517,0.024204703,0.085753804,0.109958506,0.147302905,0.042185339,0.012448133,0.054633472,0.096127248,0.357538036
Coby White,5,5,5,0.416,518,CHI,64.88k,64880,25,69,69,,,0,0,0,,,2019,2,1,7,,PG,20,CHI,69,54,2156,375,902,163,454,0.359,212,448,0.473,0.506,128,142,0.901,28,256,284,328,38,15,156,179,1041,0.012987013,0.118738404,0.131725417,0.152133581,0.017625232,0.006957328,0.072356215,0.083024119,0.48283859
Christian Wood,,,,0.514,534,HOU,,,,,,,,,,,,,2015,6,,,,C,25,HOU,41,41,1326,329,640,77,206,0.374,252,434,0.581,0.574,125,198,0.631,76,319,395,71,34,48,80,88,860,0.057315234,0.240573152,0.297888386,0.053544495,0.025641026,0.036199095,0.060331825,0.066365008,0.648567119
Chris Boucher,,,,0.514,59,TOR,,,,,,,,,,,,,2017,4,,,,C,28,TOR,60,14,1453,288,560,90,235,0.383,198,325,0.609,0.595,152,193,0.788,117,287,404,63,35,111,46,166,818,0.080523056,0.197522368,0.278045423,0.043358568,0.024088094,0.076393668,0.031658637,0.114246387,0.562973159
Charlie Brown,,,,0.302,73,OKC,,,,,,,,,,,,,2019,2,,,,SG,23,OKC,9,1,152,13,43,5,21,0.238,8,22,0.364,0.36,9,10,0.9,3,14,17,9,4,2,6,19,40,0.019736842,0.092105263,0.111842105,0.059210526,0.026315789,0.013157895,0.039473684,0.125,0.263157895
Cassius Stanley,1,1,1,0.302,467,IND,51.14k,51140,4,29.18k,,535.75k,535750,2,49.99k,49990,,,2020,1,2,54,,SG,21,IND,24,0,93,13,43,3,13,0.231,10,30,0.333,0.337,7,9,0.778,8,12,20,1,1,2,1,14,36,0.086021505,0.129032258,0.215053763,0.010752688,0.010752688,0.021505376,0.010752688,0.150537634,0.387096774
Carsen Edwards,,,,0.423,142,BOS,601.7k,601700,2,426,,296.83k,296830,0,0,0,,,2019,2,2,33,,SG,22,BOS,31,1,276,47,111,18,63,0.286,29,48,0.604,0.505,11,13,0.846,3,23,26,14,7,1,7,25,123,0.010869565,0.083333333,0.094202899,0.050724638,0.025362319,0.003623188,0.025362319,0.09057971,0.445652174
Carmelo Anthony,5,5,4,0.421,15,POR,9.18m,9180000,18,24.23k,,7.43m,7430000,7,1.12m,1120000,6.20m,6200000,2003,18,1,3,,PF,36,POR,69,3,1690,327,777,133,325,0.409,194,452,0.429,0.506,137,154,0.89,32,182,214,104,46,38,61,144,924,0.018934911,0.107692308,0.126627219,0.061538462,0.027218935,0.022485207,0.036094675,0.085207101,0.546745562
Caris LeVert,2,2,2,0.435,295,BRK,52.66k,52660,0,0,,,,,,,,,2016,5,1,20,,SG,26,BRK,12,4,334,87,200,22,63,0.349,65,137,0.474,0.49,26,34,0.765,10,42,52,72,13,6,26,20,222,0.02994012,0.125748503,0.155688623,0.215568862,0.038922156,0.017964072,0.077844311,0.05988024,0.664670659
Cam Reddish,1,1,1,0.365,422,ATL,71.31k,71310,0,0,,545.34k,545340,1,46.52k,46520,,,2019,2,1,10,,SF,21,ATL,26,21,750,96,263,33,126,0.262,63,137,0.46,0.428,67,82,0.817,22,82,104,35,33,9,34,68,292,0.029333333,0.109333333,0.138666667,0.046666667,0.044,0.012,0.045333333,0.090666667,0.389333333
Brodric Thomas,,,,0.286,478,HOU,1.27k,1270,11,654,,,,,,,,,2020,1,,,,SG,24,HOU,4,0,24,2,7,1,6,0.167,1,1,1,0.357,5,7,0.714,1,3,4,4,1,1,4,5,10,0.041666667,0.125,0.166666667,0.166666667,0.041666667,0.041666667,0.166666667,0.208333333,0.416666667
Bogdan Bogdanović,1,1,1,0.473,52,ATL,270.54k,270540,21,2.38k,,,,,,,,,2014,7,1,27,,SG,28,ATL,44,27,1305,267,565,146,333,0.438,121,232,0.522,0.602,40,44,0.909,20,140,160,147,49,13,54,99,720,0.01532567,0.107279693,0.122605364,0.112643678,0.037547893,0.009961686,0.04137931,0.075862069,0.551724138
Blake Griffin,11,11,9,0.423,191,BRK,4.55m,4550000,1,0,,3.76m,3760000,1,19.54k,19540,4.39m,4390000,2009,12,1,1,,PF,31,TOT,46,30,1186,174,411,70,205,0.341,104,206,0.505,0.509,87,117,0.744,35,190,225,140,32,15,62,111,505,0.029510961,0.160202361,0.189713322,0.118043845,0.02698145,0.012647555,0.05227656,0.093591906,0.425801012
Blake Griffin,11,11,9,0.492,191,TOT,4.55m,4550000,1,0,,3.76m,3760000,1,19.54k,19540,4.39m,4390000,2009,12,1,1,,PF,31,BRK,26,10,560,93,189,31,81,0.383,62,108,0.574,0.574,43,55,0.782,28,93,121,63,18,13,30,69,260,0.05,0.166071429,0.216071429,0.1125,0.032142857,0.023214286,0.053571429,0.123214286,0.464285714
Alex Caruso,3,3,2,0.436,96,LAL,274.91k,274910,15,107.87k,,1.48m,1480000,1,127.96k,,,,2016,5,,81,,PG,26,LAL,58,6,1216,133,305,55,137,0.401,78,168,0.464,0.526,49,76,0.645,31,139,170,160,64,15,76,108,370,0.025493421,0.114309211,0.139802632,0.131578947,0.052631579,0.012335526,0.0625,0.088815789,0.304276316
Al-Farouq Aminu,,,,0.384,10,TOT,,,,,,,,,,,,,2010,11,1,8,,PF,30,TOT,23,14,434,38,99,8,37,0.216,30,62,0.484,0.424,18,22,0.818,22,88,110,31,19,9,28,29,102,0.050691244,0.202764977,0.253456221,0.071428571,0.043778802,0.020737327,0.064516129,0.066820276,0.235023041
Aaron Gordon,5,5,3,0.437,181,ORL,196.74k,196740,0,0,,1.22m,1220000,3,66.20k,66200,,,2014,7,1,4,,PF,25,ORL,25,25,736,128,293,42,112,0.375,86,181,0.475,0.509,66,105,0.629,39,127,166,105,16,20,67,49,364,0.05298913,0.172554348,0.225543478,0.142663043,0.02173913,0.027173913,0.091032609,0.066576087,0.494565217